kit_id,kit_codigo,kit_nome,kit_saldo_pacotes,kit_qtd_pacote,kit_equiv_unidades,kit_valor_estoque,simples_id,simples_codigo,simples_nome,simples_saldo,simples_valor_estoque,simples_receita_12m,score_jaccard,bate_numericamente,diff_pct,nivel_confianca
P02008,COD02000,Produto 2944,6.53269605333835,0.7054390184535331,12.48541829714817,492.7546387842564,P02007,COD01999,Produto 2943,13.684489865058573,427.17037239550353,264.9404428159215,1.0,True,0.0,1
P02010,COD02002,Produto 2946,3.8689360398257984,0.612368368474123,7.216209528430174,415.65549852637014,P02009,COD02001,Produto 2945,6.632294090549461,444.34220669962605,1227.036978732509,1.0,True,0.0,1
P02012,COD02004,Produto 2948,23.708682364900255,1.800264535305169,155.5458783059141,1830.0042532373066,P02011,COD02003,Produto 2947,148.79049400956305,1982.5292613424524,6502.488949652112,1.0,True,0.0,1
P02322,COD02313,Produto 3270,2.3839433721159446,8.989657914425383,62.51414927556919,827.9696073058776,P02321,COD02312,Produto 3269,55.14325198945676,812.2879824488554,113.9973323621325,1.0,True,0.0,1
P02324,COD02315,Produto 3272,1.0952078698966,4.537380712235521,13.595700956395731,320.5799867755165,P02321,COD02312,Produto 3269,56.96097311830557,719.5684887831774,96.9956763956759,1.0,False,0.7428571428571429,3
P02386,COD02377,Produto 3335,0.3458507459111747,35.600496499335925,35.56450262532992,78.34105229520243,P02385,COD02376,Produto 3333,32.766058419965,77.44170060472219,961.2143681280425,1.0,True,0.0,1
P02392,COD02383,Produto 3341,0.0,16.97185544273653,0.0,0.0,P02391,COD02382,Produto 3340,0.0,0.0,0.0,1.0,True,1.0,1
P02402,COD02393,Produto 3351,3.286669059111736,8.932552439810975,73.19268764932366,816.3483170538476,P02401,COD02392,Produto 3350,76.18128233326048,764.8229986601038,103.47350936889215,1.0,True,0.0,1
P02404,COD02395,Produto 3353,0.0,8.169096960642102,0.0,0.0,P02403,COD02394,Produto 3352,0.0,0.0,0.0,1.0,True,1.0,1
P02411,COD02402,Produto 3360,0.0,8.096064951994665,0.0,0.0,P02410,COD02401,Produto 3359,0.0,0.0,0.0,1.0,True,1.0,1
P02413,COD02404,Produto 3362,0.0,7.716131649270595,0.0,0.0,P02412,COD02403,Produto 3361,0.0,0.0,0.0,1.0,True,1.0,1
P02415,COD02406,Produto 3364,0.0,8.8028251221243,0.0,0.0,P02414,COD02405,Produto 3363,0.0,0.0,0.0,1.0,True,1.0,1
P02417,COD02408,Produto 3366,0.0,7.715573617975214,0.0,0.0,P02416,COD02407,Produto 3365,0.0,0.0,0.0,1.0,True,1.0,1
P02420,COD02411,Produto 3369,0.0,17.58925052043593,0.0,0.0,P02419,COD02410,Produto 3368,0.0,0.0,0.0,1.0,True,1.0,1
P02422,COD02413,Produto 3371,0.0,16.370162736687746,0.0,0.0,P02421,COD02412,Produto 3370,0.0,0.0,0.0,1.0,True,1.0,1
P02424,COD02415,Produto 3373,0.0,17.494908210542164,0.0,0.0,P02423,COD02414,Produto 3372,0.0,0.0,0.0,1.0,True,1.0,1
P02426,COD02417,Produto 3375,0.0,4.569748125195212,0.0,0.0,P02425,COD02416,Produto 3374,0.0,0.0,0.0,1.0,True,1.0,1
P02428,COD02419,Produto 3377,0.0,4.832299113011201,0.0,0.0,P02427,COD02418,Produto 3376,0.0,0.0,0.0,1.0,True,1.0,1
P02467,COD02458,Produto 3416,13.010173100122818,0.6094192266643157,28.260059049767165,339.70704123953107,P02466,COD02457,Produto 3415,24.766904925850753,360.3035534205764,938.5948532529728,1.0,True,0.0,1
P02472,COD02463,Produto 3421,1.2091974251554254,2.1163910372618604,7.6516360680481785,125.54747092025877,P02471,COD02462,Produto 3420,8.556885969324385,119.42623401097737,0.0,1.0,True,0.0,1
P02475,COD02466,Produto 3424,2.492399577855101,3.206739733722882,24.83601530128273,38.81992816879356,P02474,COD02465,Produto 3423,24.749464078036745,40.46823556226886,89.54932823718396,1.0,True,0.0,1
P02477,COD02468,Produto 3426,1.5239366962748837,1.997190068283491,9.668657204869529,172.12089482745787,P02476,COD02467,Produto 3425,10.456452005629204,170.95152098779064,1540.0815343232748,1.0,True,0.0,1
P02479,COD02470,Produto 3428,3.7996180376255633,2.105933511018916,22.86023898091867,363.9007903733755,P02478,COD02469,Produto 3427,23.33974401837762,379.54673699274747,607.4675627716823,1.0,True,0.0,1
P02481,COD02472,Produto 3430,2.9223304010691473,1.8797856452928055,14.71898880384185,264.7848524472028,P02480,COD02471,Produto 3429,15.582914835098089,284.00690344557785,528.7945223439276,1.0,True,0.0,1
P02483,COD02474,Produto 3432,1.9787974145726372,1.8704543081855705,12.524069582358678,278.2679233603613,P02482,COD02473,Produto 3431,12.396210335184637,214.1642438038275,308.79510931012516,1.0,True,0.0,1
P02485,COD02476,Produto 3434,3.4690566322540337,1.8415169288815365,21.610556694087457,341.19176724109695,P02484,COD02475,Produto 3433,18.721978922915568,321.2068263701201,964.8303458829831,1.0,True,0.0,1
P02491,COD02482,Produto 3440,15.08043392296532,1.273505713166999,55.94393774046751,460.3568976842255,P02490,COD02481,Produto 3439,59.762437100899454,510.11931216326695,249.4664888818553,1.0,True,0.0,1
P02493,COD02484,Produto 3442,22.814627977787488,1.2491225971594577,108.12542989120908,772.3953917922722,P02492,COD02483,Produto 3441,92.11636151054043,667.9496506701698,1540.2503653280305,1.0,True,0.0,1
P02510,COD02501,Produto 3461,9.109894926395887,1.9677693100927867,49.666200823695185,328.6089856191659,P02509,COD02500,Produto 3460,53.944883489428065,285.0496208349146,1195.288352596229,1.0,True,0.0,1
P02512,COD02503,Produto 3463,17.087362632344295,1.6123282182449112,95.4774734567058,771.2923336752318,P02511,COD02502,Produto 3462,84.26672164253624,764.8027617861353,1589.1381143950962,1.0,True,0.0,1
P02514,COD02505,Produto 3465,5.737833446159284,0.6637157806012569,11.579560524364979,190.13299434119568,P02513,COD02504,Produto 3464,12.19657749613487,185.5734888449842,1459.015202465051,1.0,True,0.0,1
P02516,COD02507,Produto 3467,3.921572292354927,3.7224281478842216,48.71473798425296,402.8430293575561,P02515,COD02506,Produto 3466,47.26186271019077,422.5766247779343,400.2009129939909,1.0,True,0.0,1
P02518,COD02509,Produto 3469,4.0383740512178985,2.0408324992253615,24.90335215977257,555.9458324422956,P02517,COD02508,Produto 3468,24.716067205762204,650.1055735011029,0.0,1.0,True,0.0,1
P02536,COD02527,Produto 3487,7.694327564904562,3.232031814247866,82.30143262782033,412.1138445505045,P02535,COD02526,Produto 3486,75.4369728008823,390.7086859471924,447.49577435919593,1.0,True,0.0,1
P02538,COD02529,Produto 3489,11.53882561441959,3.304480208468152,104.9166359227723,960.7141775511399,P02535,COD02526,Produto 3486,86.86430695942323,377.6350595009122,503.1733017872914,1.0,False,0.2941176470588235,3
P02540,COD02531,Produto 3491,5.494207756714387,3.5754154215166944,57.544569811236634,188.81950821340016,P02539,COD02530,Produto 3490,61.96960436331188,191.22619767079496,587.4892048075767,1.0,True,0.0,1
P02542,COD02533,Produto 3493,0.6968608676745778,3.3166821739912957,6.088463057133122,59.069948909615505,P02541,COD02532,Produto 3492,6.862236898731677,59.129650508474995,57.95157651164538,1.0,True,0.0,1
P02544,COD02535,Produto 3495,0.6924761039167039,3.112839280533296,6.095554611644045,63.01266682694519,P02543,COD02534,Produto 3494,6.647696140202001,63.233925655106816,61.739227190913745,1.0,True,0.0,1
P02546,COD02537,Produto 3497,0.6138637026779503,3.067856452366553,7.176733803077075,59.58587356482296,P02545,COD02536,Produto 3496,6.892291406815593,63.644935995898074,58.326316040001565,1.0,True,0.0,1
P02548,COD02539,Produto 3499,1.800928023549318,3.6291349062203966,15.294684436450103,183.8875753731897,P02547,COD02538,Produto 3498,17.020310245873524,200.69726778650892,95.22548585284856,1.0,True,0.0,1
P02552,COD02543,Produto 3503,0.0,6.4244491658126925,0.0,0.0,P02551,COD02542,Produto 3502,0.0,0.0,0.0,1.0,True,1.0,1
P02554,COD02545,Produto 3505,0.3281923995467143,6.781506863375002,7.309263321821675,174.04223057868992,P02553,COD02544,Produto 3504,10.136924914017207,288.75614538884605,0.0,1.0,False,0.3333333333333333,3
P02587,COD02578,Produto 3539,1.2594379822561659,3.183695603367291,13.673926217158954,193.46340800201384,P02586,COD02577,Produto 3538,13.911076087534715,215.8801405081274,559.0979603647356,1.0,True,0.0,1
P02589,COD02580,Produto 3541,1.8569409219271977,1.6378418595271504,10.513634853858537,271.9879284404274,P02588,COD02579,Produto 3540,10.933874111575502,268.1736820531648,2179.414358019591,1.0,True,0.0,1
P02591,COD02582,Produto 3543,0.0,6.439530994697824,0.0,0.0,P02590,COD02581,Produto 3542,0.36469925082368493,3.5388761044250345,2374.2223735663715,1.0,False,1.0,3
P02593,COD02584,Produto 3545,20.28076838315128,3.469490863550064,187.59479586876796,709.7335179616375,P02597,COD02588,Produto 3549,0.0,0.0,0.0,0.8571428571428571,False,1.0,3
P02595,COD02586,Produto 3547,44.827664966200366,3.5651733180312313,447.8228339660958,1463.9619057447899,P02597,COD02588,Produto 3549,0.0,0.0,0.0,0.5714285714285714,False,1.0,3
P02596,COD02587,Produto 3548,19.674161526201626,7.117729258530553,413.794533567012,1395.1994181982056,P02597,COD02588,Produto 3549,0.0,0.0,0.0,0.5714285714285714,False,1.0,3
P02601,COD02592,Produto 3553,0.633960015168554,14.20796868689822,24.388144558160914,154.05834645434513,P02600,COD02591,Produto 3552,27.23522611986185,158.6242681813465,402.6604810578523,1.0,True,0.0,1
P02629,COD02620,Produto 3582,0.624938074266741,15.935057944159869,35.40730949797333,44.00267062538233,P02628,COD02619,Produto 3581,31.049228046520756,43.91246542787348,0.0,1.0,True,0.0,1
P02631,COD02622,Produto 3584,3.3697397575936283,,0.0,298.2676846339427,P02630,COD02621,Produto 3583,168.64870413575056,305.8541165413426,507.5861554213202,0.8888888888888888,False,1.0,3
P02633,COD02624,Produto 3586,1.0138244358003858,50.427273863158796,147.8276949858129,121.34613069230105,P02632,COD02623,Produto 3585,161.24544405916046,134.7968410577728,997.9426821784008,1.0,True,0.1,1
P02635,COD02626,Produto 3588,1.7459956992177073,30.3834941538534,178.50225009398216,299.15114673559606,P02634,COD02625,Produto 3587,178.64004583757045,308.1996352603267,570.7737011309048,1.0,True,0.0,1
P02644,COD02635,Produto 3597,0.674750480185228,16.771584855458812,30.886896664806827,111.45534234156672,P02643,COD02634,Produto 3596,32.8155148372269,92.32501421468793,204.01026763172484,1.0,True,0.0,1
P02646,COD02637,Produto 3599,1.6852682443975329,17.463085203190374,75.96149835717296,233.2619552359357,P02645,COD02636,Produto 3598,77.77520111873086,244.15658971872256,379.3690378507406,1.0,True,0.0,1
P02648,COD02639,Produto 3601,0.6483554974675705,17.53305218238634,36.3691352639025,97.74297049368603,P02647,COD02638,Produto 3600,32.878913912786544,92.15144877369818,39.34886618905456,1.0,True,0.0,1
P02650,COD02641,Produto 3603,0.6647928123046292,15.679920981665658,30.3762143795734,96.72718887160933,P02649,COD02640,Produto 3602,31.907165470723562,96.95595893868666,139.8032627186804,1.0,True,0.0,1
P02652,COD02643,Produto 3605,0.670395770538999,18.03095097159184,32.995322964539994,104.96590063296537,P02651,COD02642,Produto 3604,33.53776015660211,103.12977138830627,163.07512706191628,1.0,True,0.0,1
P02654,COD02645,Produto 3607,1.0805614209799286,18.19051740831878,53.792513649298655,213.57554848528343,P02653,COD02644,Produto 3606,47.56215119487986,198.94490462991953,1070.516996319054,1.0,True,0.0,1
P02656,COD02647,Produto 3609,2.278398889608537,15.735039638395095,108.97431680976308,446.543910483454,P02655,COD02646,Produto 3608,120.37545417063157,411.10958571956775,943.2674378439852,1.0,True,0.0,1
P02658,COD02649,Produto 3611,0.6642054427253604,18.17840017250719,33.297554426067606,103.90777975827498,P02657,COD02648,Produto 3610,34.54086253734232,105.92266904473334,80.20471243396513,1.0,True,0.0,1
P02660,COD02651,Produto 3613,0.3294422316032205,16.41922168930919,16.893486460654675,51.56432498614647,P02659,COD02650,Produto 3612,15.973459221299347,48.48414378281388,177.1775036425717,1.0,True,0.0,1
P02662,COD02653,Produto 3615,0.7169134559587995,17.89154302976787,33.70191252895136,117.54047131860277,P02661,COD02652,Produto 3614,32.16718990968593,105.37684398462483,503.5979850591374,1.0,True,0.0,1
P02664,COD02655,Produto 3617,0.9258971534220968,17.168449273178716,46.4320184883069,41.64420043878135,P02663,COD02654,Produto 3616,53.33740590676954,37.47691291415552,61.08905648627141,1.0,True,0.0,1
P02666,COD02657,Produto 3619,1.7613172395860466,18.196565319437873,86.53392295658762,62.58154968423264,P02665,COD02656,Produto 3618,86.15032652456196,67.07664557350589,167.35883491859616,1.0,True,0.0,1
P02668,COD02659,Produto 3621,0.35964520419858637,16.568406943813226,16.59262725044721,12.437845865597454,P02667,COD02658,Produto 3620,16.572634142891246,11.76486113075244,31.73528048430261,1.0,True,0.0,1
P02670,COD02661,Produto 3623,0.6144348273455152,16.74851422169162,30.4460167808235,28.5386911828397,P02669,COD02660,Produto 3622,34.98024589928449,28.880262745510645,119.28457557881968,1.0,True,0.0,1
P02672,COD02663,Produto 3625,0.0,15.271782228912492,0.0,0.0,P02671,COD02662,Produto 3624,0.0,0.0,116.11962926534734,1.0,True,1.0,1
P02674,COD02665,Produto 3627,0.35448090142167943,15.946149960452253,15.132069051794836,18.82409429715001,P02673,COD02664,Produto 3626,16.734012152448653,20.144077196969462,36.64188456870648,1.0,True,0.0,1
P02676,COD02667,Produto 3629,1.8344075776516469,17.80792723430114,107.14553192385956,105.18597953758908,P02675,COD02666,Produto 3628,93.11935195173326,111.85769128800196,171.5114950975877,1.0,True,0.0,1
P02825,COD02816,Produto 3785,14.420739169803293,3.8782145589335983,169.0826410934596,2531.7773694073235,P02820,COD02811,Produto 3780,166.4654395724225,2411.949307375632,4380.363577610111,1.0,True,0.0,1
P02848,COD02839,Produto 3810,46.999150968036766,3.8731902035456867,588.9286265464706,6025.353370794794,P02843,COD02834,Produto 3805,0.0,0.0,0.0,0.8571428571428571,False,1.0,3
P02849,COD02840,Produto 3811,54.2074411843344,4.105513265653311,655.6560227267887,6136.722279665526,P02844,COD02835,Produto 3806,0.0,0.0,0.0,0.8571428571428571,False,1.0,3
P02850,COD02841,Produto 3812,27.015528465954706,3.9363022039509503,355.37949164225023,3123.986519646142,P02845,COD02836,Produto 3807,0.0,0.0,0.0,0.8571428571428571,False,1.0,3
P02851,COD02842,Produto 3813,2.013714009834054,4.363560858708208,23.444872462836194,243.84486418054377,P02846,COD02837,Produto 3808,0.0,0.0,0.0,0.8571428571428571,False,1.0,3
P02880,COD02871,Produto 3845,32.639460292507906,4.293812548135782,378.8252426257784,2632.45330731851,P02877,COD02868,Produto 3841,348.7347207098114,2437.817472415949,3975.9206812114808,1.0,True,0.0,1
P02881,COD02872,Produto 3846,22.17154212757591,3.8313742907333874,300.7564459647882,2007.2152201701815,P02878,COD02869,Produto 3843,285.9282058524702,1821.1451965412662,3751.41983572259,1.0,True,0.0,1
P02882,COD02873,Produto 3847,6.668862357564609,3.869852762556866,87.92625115818359,566.5571273716064,P02879,COD02870,Produto 3844,82.26568388007998,570.7974981037839,976.5473574600344,1.0,True,0.0,1
P02888,COD02879,Produto 3854,0.3460164987952102,4.156640740863143,3.729096374154368,34.81384175698145,P02884,COD02875,Produto 3849,3.8166251142706447,37.025300431376415,167.70282164688314,1.0,True,0.0,1
P02889,COD02880,Produto 3855,5.085131050279458,4.241423435936494,60.36440464041116,537.8760537199419,P02885,COD02876,Produto 3851,52.851520786373335,543.8610816815328,630.5747084540528,1.0,True,0.0,1
P02890,COD02881,Produto 3856,0.9712245408974817,4.160836617517351,12.491349977139606,106.80638718249358,P02886,COD02877,Produto 3852,12.918466737904824,103.56040772122276,194.11528691234585,1.0,True,0.0,1
P02891,COD02882,Produto 3857,1.2014513537254081,4.038632795277618,14.64757447231961,136.13085843920118,P02887,COD02878,Produto 3853,15.405185754566407,148.31178200935656,31.361364730986597,1.0,True,0.0,1
P02901,COD02892,Produto 3870,0.0,4.183728589948179,0.0,0.0,P02896,COD02887,Produto 3863,0.0,0.0,0.0,1.0,True,1.0,1
P02902,COD02893,Produto 3871,0.0,3.638882688688067,0.0,0.0,P02897,COD02888,Produto 3865,0.0,0.0,0.0,1.0,True,1.0,1
P02903,COD02894,Produto 3872,0.0,3.9517855822306247,0.0,0.0,P02898,COD02889,Produto 3867,0.0,0.0,0.0,1.0,True,1.0,1
P02904,COD02895,Produto 3873,0.0,4.201925263471834,0.0,0.0,P02899,COD02890,Produto 3868,0.0,0.0,0.0,1.0,True,1.0,1
P02934,COD02925,Produto 3907,8.162152687598455,3.8013150789142185,99.79556177642395,837.2637615518703,P02930,COD02921,Produto 3902,87.03646047772844,859.3914278768634,819.6622945094414,1.0,True,0.0,1
P02935,COD02926,Produto 3908,13.161995947889057,3.9309191265888335,150.5916690646804,1171.541515354992,P02932,COD02923,Produto 3905,154.10899541998722,1425.4389769234353,924.8635221143496,1.0,True,0.0,1
P02936,COD02927,Produto 3909,5.495573800452346,3.955715057393437,65.12599627863744,491.5752066861466,P02933,COD02924,Produto 3906,69.03925353367379,553.6717502326892,250.36699119941574,1.0,True,0.0,1
P02939,COD02930,Produto 3913,9.091917246272692,4.206502243477586,93.34101591291441,203.50075905718037,P02938,COD02929,Produto 3911,97.84748182634961,209.0614889166083,795.1461213962027,1.0,True,0.0,1
P02944,COD02935,Produto 3920,34.65303970124093,4.326909536798708,404.3614576231299,1091.40188101296,P02941,COD02932,Produto 3915,458.9797180535419,1074.0073313250382,3080.111735165879,1.0,True,0.0,1
P02947,COD02938,Produto 3924,0.0,4.328615393272823,0.0,0.0,P02945,COD02936,Produto 3921,0.0,0.0,3854.717163406663,1.0,True,1.0,1
P02948,COD02939,Produto 3925,12.041815438405035,4.349004182526645,147.3983292765592,312.6166261368759,P02943,COD02934,Produto 3918,136.06477994381075,306.47434810923795,1475.743840280469,1.0,True,0.0,1
P02953,COD02944,Produto 3931,73.06346666997004,4.052217529346222,872.7174248719491,2226.131787231622,P02952,COD02943,Produto 3929,913.9126402828928,1861.241740658481,4950.876411169811,1.0,True,0.0,1
P02958,COD02949,Produto 3937,124.15845410805173,4.354004858288754,1634.085732255818,3654.8978655956835,P02957,COD02948,Produto 3935,1573.1770569886032,4042.108020881966,7625.907651828839,1.0,True,0.0,1
P02961,COD02952,Produto 3941,320.49107281316793,3.9448997755042434,3869.883258950455,8788.363466062843,P02959,COD02950,Produto 3938,4112.416031399687,8847.402311453217,36818.5302689851,1.0,True,0.0,1
P02964,COD02955,Produto 3945,27.554122979695943,3.8541900647410907,305.2190791965444,769.6614605277589,P02963,COD02954,Produto 3943,321.2051737936918,853.2519183765395,2439.2946085749186,1.0,True,0.0,1
P02967,COD02958,Produto 3949,1.3724369083393366,4.050874447851973,16.94682312229051,47.959891420291555,P02966,COD02957,Produto 3947,15.971234283583172,46.636905530782634,940.3626454115368,1.0,True,0.0,1
P02970,COD02961,Produto 3953,261.90884473147537,4.142843814993525,3135.389767649906,7727.3633633628515,P02969,COD02960,Produto 3951,3202.2860316576052,6971.038118455603,11287.255808114329,1.0,True,0.0,1
P02973,COD02964,Produto 3957,0.7147705156119947,4.102355175065598,8.074949702869098,10.575293424128203,P02971,COD02962,Produto 3954,8.492961019542925,10.533428494797835,3511.346744096537,1.0,True,0.0,1
P02976,COD02967,Produto 3961,0.0,3.9432721564787734,0.0,0.0,P02974,COD02965,Produto 3958,0.0,0.0,3322.946993079718,1.0,True,1.0,1
P02987,COD02978,Produto 3973,20.38160511360791,4.193509506459824,241.80353121114615,871.2792443874215,P02983,COD02974,Produto 3968,252.92479191623886,763.1779226235651,1918.6603108754484,1.0,True,0.0,1
P02988,COD02979,Produto 3974,12.802189040697925,3.6157665293893713,168.72951100999134,491.5198824499055,P02984,COD02975,Produto 3970,164.0710970933883,518.5989732257016,942.5023471694481,1.0,True,0.0,1
P02989,COD02980,Produto 3975,36.58645120541994,4.062943865731653,514.2817402526124,1549.4460459851525,P02985,COD02976,Produto 3971,490.2658405934039,1425.2306080836831,2043.2984893465175,1.0,True,0.0,1
P02990,COD02981,Produto 3976,9.047725654736473,4.254792279181425,96.87724519295986,330.17714164681377,P02986,COD02977,Produto 3972,101.4331064523289,309.8070982145725,335.5574072255436,1.0,True,0.0,1
P02996,COD02987,Produto 3983,13.55137643969365,3.799068769931735,182.34290329569583,655.8573777706023,P02992,COD02983,Produto 3978,194.7049043741959,711.5186159959196,1265.0323381389162,1.0,True,0.0,1
P02997,COD02988,Produto 3984,7.66468952670805,4.29263962586141,90.00683161320057,321.6308709068884,P02993,COD02984,Produto 3980,83.45725973553346,328.00623537595317,557.2765862538116,1.0,True,0.0,1
P02998,COD02989,Produto 3985,5.223526174684614,4.195622164503477,65.82068638514274,217.99420020781295,P02994,COD02985,Produto 3981,62.87378187006601,225.612576620617,940.546963395761,1.0,True,0.0425531914893617,1
P02999,COD02990,Produto 3986,1.4634713215585005,3.8415868547487584,17.00527626784459,60.77708294011537,P02995,COD02986,Produto 3982,14.933424239606124,57.145124687656136,209.92575506030087,1.0,True,0.0,1
P03005,COD02996,Produto 3993,11.584855098309037,3.7994529786426905,158.8956608322052,400.4421086941544,P03001,COD02992,Produto 3988,160.53920362194282,440.56851239882377,2622.2963502382067,1.0,True,0.0,1
P03006,COD02997,Produto 3994,16.102646492907343,3.9317210360228843,198.90645261360243,497.4291434012907,P03002,COD02993,Produto 3990,206.82475908415813,601.9240629210587,797.1204024897498,1.0,True,0.0,1
P03007,COD02998,Produto 3995,10.297830653645,4.14252166137458,118.10515804036474,344.05980124348935,P03003,COD02994,Produto 3991,129.2760965243481,355.5696311206719,1771.513439041764,1.0,True,0.0,1
P03008,COD02999,Produto 3996,5.001440386320216,3.9255897879859005,54.487732039685525,143.05303001234776,P03004,COD02995,Produto 3992,57.35157643519401,143.17254867164064,542.8402744037772,1.0,True,0.0,1
P03030,COD03021,Produto 4022,0.0,4.048160071196072,0.0,0.0,P03027,COD03018,Produto 4019,0.0,0.0,0.0,1.0,True,1.0,1
P03031,COD03022,Produto 4023,0.30585720674491224,4.0439308487437025,4.285796953264906,24.564581985217284,P03028,COD03019,Produto 4020,4.209028486150136,23.583790929809858,0.0,1.0,True,0.0,1
P03034,COD03025,Produto 4026,0.0,4.229306981187717,0.0,0.0,P03023,COD03014,Produto 4014,0.0,0.0,385.964402156907,1.0,True,1.0,1
P03040,COD03031,Produto 4033,0.0,4.199924805042002,0.0,0.0,P03036,COD03027,Produto 4028,0.0,0.0,384.1325162930804,1.0,True,1.0,1
P03041,COD03032,Produto 4034,0.0,4.162593742674845,0.0,0.0,P03037,COD03028,Produto 4030,0.0,0.0,0.0,1.0,True,1.0,1
P03042,COD03033,Produto 4035,0.0,4.398525634748975,0.0,0.0,P03038,COD03029,Produto 4031,0.0,0.0,0.0,1.0,True,1.0,1
P03043,COD03034,Produto 4036,0.0,3.917820448952906,0.0,0.0,P03039,COD03030,Produto 4032,0.0,0.0,0.0,1.0,True,1.0,1
P03063,COD03054,Produto 4058,0.0,4.262059999161528,0.0,0.0,P03059,COD03050,Produto 4053,0.0,0.0,0.0,1.0,True,1.0,1
P03064,COD03055,Produto 4059,0.0,4.102829113594755,0.0,0.0,P03060,COD03051,Produto 4055,0.0,0.0,136.07560046897854,1.0,True,1.0,1
P03065,COD03056,Produto 4060,0.0,3.8520774492635628,0.0,0.0,P03061,COD03052,Produto 4056,0.0,0.0,70.64116827276929,1.0,True,1.0,1
P03066,COD03057,Produto 4061,0.0,3.973315416447191,0.0,0.0,P03062,COD03053,Produto 4057,0.0,0.0,0.0,1.0,True,1.0,1
P03072,COD03063,Produto 4068,34.35749451738804,3.7312905618667846,427.8382819668574,3100.4003054423515,P03068,COD03059,Produto 4063,419.81681637697676,2982.1157128329714,5490.474918468001,1.0,True,0.0,1
P03073,COD03064,Produto 4069,13.856046900882886,3.6663689700444517,141.93352304302343,1307.1241204946848,P03069,COD03060,Produto 4065,151.4597443253272,1234.460575664082,3867.3290775195433,1.0,True,0.0,1
P03074,COD03065,Produto 4070,18.141222985165438,4.129651797581651,219.28863430380676,1653.617228789589,P03070,COD03061,Produto 4066,204.31826805385353,1744.0361691573773,4923.326224636747,1.0,True,0.0,1
P03075,COD03066,Produto 4071,15.911445841771322,3.96221423509129,206.82520162926272,1556.1259144644314,P03071,COD03062,Produto 4067,186.96904862137555,1332.206903333658,2278.9246583572835,1.0,True,0.0,1
P03090,COD03081,Produto 4087,0.0,4.194347618875686,0.0,0.0,P03086,COD03077,Produto 4083,0.0,0.0,752.1595571578995,1.0,True,1.0,1
P03091,COD03082,Produto 4088,1.8064398791742078,3.9001350305018776,24.423711869268327,225.3445983208081,P03087,COD03078,Produto 4084,24.871634951676047,224.78741879619855,824.2977862194393,1.0,True,0.0,1
P03092,COD03083,Produto 4089,0.0,3.6474967738452677,0.0,0.0,P03088,COD03079,Produto 4085,0.0,0.0,0.0,1.0,True,1.0,1
P03093,COD03084,Produto 4090,0.0,4.249836593433345,0.0,0.0,P03089,COD03080,Produto 4086,0.0,0.0,0.0,1.0,True,1.0,1
P03164,COD03155,Produto 4169,8.284549564201946,3.7660745095661663,87.69079725820973,676.2401470455056,P03159,COD03150,Produto 4164,87.6798705395312,618.8595343236323,4562.023414037086,1.0,True,0.0,1
P03171,COD03162,Produto 4177,5.539368419081441,4.197731794648684,65.72907505107457,399.5609249943793,P03167,COD03158,Produto 4172,62.151064983698554,350.8766950101822,439.8394276834295,1.0,True,0.0,1
P03172,COD03163,Produto 4178,8.024464693273826,3.946409018721304,92.8234101856933,562.8878292921715,P03168,COD03159,Produto 4174,98.35287757361365,504.2572159345618,293.7010903434436,1.0,True,0.0,1
P03173,COD03164,Produto 4179,4.518426855843269,3.701466312060533,59.168033079644445,352.6534699887138,P03169,COD03160,Produto 4175,65.89436906115371,300.4046745933879,213.59986873953366,1.0,True,0.0,1
P03174,COD03165,Produto 4180,3.007211487966304,3.860275560036039,38.5180831177357,200.43352894369417,P03170,COD03161,Produto 4176,35.97790534099314,222.4767491249945,73.06352552258856,1.0,True,0.0,1
P03180,COD03171,Produto 4187,8.205136822198059,3.8294464651432842,108.37110542333726,1032.9295447696218,P03176,COD03167,Produto 4182,105.16150428915374,1012.6093743335965,1341.0193807952016,1.0,True,0.0,1
P03181,COD03172,Produto 4188,6.589910742692551,3.9080359128300275,76.76966006526018,841.9524714186592,P03177,COD03168,Produto 4184,81.47277256306357,876.9663442496596,955.4713316625878,1.0,True,0.0,1
P03182,COD03173,Produto 4189,10.368991769663882,3.927310857866728,129.6241642204306,1271.0614128570382,P03178,COD03169,Produto 4185,127.7376384410503,1028.6117472095743,960.5915775155723,1.0,True,0.0,1
P03183,COD03174,Produto 4190,7.201254285324851,4.39676039351817,85.5336170985166,757.8356014988864,P03179,COD03170,Produto 4186,75.95559011309952,769.3324092128743,786.8460873926891,1.0,True,0.0,1
P03198,COD03189,Produto 4207,10.472802433442203,3.888241177713092,135.39028443590286,993.355068139217,P03194,COD03185,Produto 4202,135.755304045449,988.6590286654614,1774.6547476154565,1.0,True,0.0,1
P03199,COD03190,Produto 4208,2.927456468349392,4.0248308779620885,36.18269016334892,286.9841846125398,P03195,COD03186,Produto 4204,37.106166678233144,293.11069426640205,413.5473021866923,1.0,True,0.0,1
P03200,COD03191,Produto 4209,6.709678873550533,3.7143660822594247,79.34043622487758,543.5825540436364,P03196,COD03187,Produto 4205,79.901377700338,550.1837155332776,502.3449755577329,1.0,True,0.0,1
P03201,COD03192,Produto 4210,2.195939594252197,3.770375298309013,28.183600396162895,224.171172276575,P03197,COD03188,Produto 4206,30.24135932858578,205.3006163401808,147.49767891853293,1.0,True,0.0,1
P03225,COD03216,Produto 4236,21.671945937165667,3.7137858932411847,278.4994859370539,843.1610362625053,P03221,COD03212,Produto 4231,297.9104020945742,750.8882033840711,2986.5590470576135,1.0,True,0.0,1
P03226,COD03217,Produto 4237,5.419887299304918,4.264754720922056,61.364010356499506,202.36222328520014,P03222,COD03213,Produto 4233,64.79883288924549,196.22473815003048,488.02773980652853,1.0,True,0.0,1
P03227,COD03218,Produto 4238,28.917001830915865,3.6122118437095274,314.96513038307955,1005.7902799720889,P03223,COD03214,Produto 4234,345.14182616157194,1100.996018589143,2447.92852639013,1.0,True,0.0,1
P03228,COD03219,Produto 4239,11.096772627554392,4.012815127658846,133.95605982757635,433.0122692204311,P03224,COD03215,Produto 4235,132.13832519399307,437.3658174540021,598.666283631314,1.0,True,0.0,1
P03234,COD03225,Produto 4246,20.41816107694587,3.6238488028045253,240.20471714316176,1040.3304152186122,P03230,COD03221,Produto 4241,231.64618041903302,1095.0227832947905,1324.7498053094905,1.0,True,0.0,1
P03235,COD03226,Produto 4247,6.554993834959638,4.052042226832726,79.00121704533494,301.4190097605448,P03231,COD03222,Produto 4243,65.41923111014327,342.25548431541245,59.87824282549944,1.0,True,0.0,1
P03236,COD03227,Produto 4248,39.88939813926481,4.142820427069988,471.6851187587363,2285.920719836857,P03232,COD03223,Produto 4244,545.807448377238,2091.3475777466006,2252.315281940165,1.0,True,0.0,1
P03237,COD03228,Produto 4249,28.716919693679163,3.9184564135582067,365.32230225161345,1696.4039974445413,P03233,COD03224,Produto 4245,357.8720398747541,1784.8469667323648,1449.927340478184,1.0,True,0.0,1
P03243,COD03234,Produto 4256,8.235755927077427,3.634841272518529,105.83003936481788,413.498691473255,P03239,COD03230,Produto 4251,103.65251376675016,434.90664095173804,806.4597272497514,1.0,True,0.0,1
P03244,COD03235,Produto 4257,3.6167176022105227,3.8349141923852574,47.48610990451755,171.0791407985137,P03240,COD03231,Produto 4253,45.71585030523513,189.7602293880422,119.01777321943597,1.0,True,0.0,1
P03245,COD03236,Produto 4258,6.641218646059614,3.6591320772199536,90.21269897010686,385.0854360491135,P03241,COD03232,Produto 4254,80.19644702126163,398.3674611173714,573.5140548541943,1.0,True,0.0,1
P03246,COD03237,Produto 4259,6.786527759543218,4.340936632455263,87.69285200344962,345.7075354144926,P03242,COD03233,Produto 4255,86.32577966238341,382.72079000813545,658.6587846493057,1.0,True,0.0,1
P03252,COD03243,Produto 4266,8.784008292910926,4.163303543050053,112.87873944356214,448.67632987385684,P03248,COD03239,Produto 4261,98.07512002524253,436.82279142214367,164.49229448139224,1.0,True,0.0,1
P03253,COD03244,Produto 4267,7.6707510121902365,3.9597263699425267,99.02771402087562,431.7251640408998,P03249,COD03240,Produto 4263,101.77520836395213,392.3860506348041,0.0,1.0,True,0.0,1
P03254,COD03245,Produto 4268,8.499911598006847,4.1192482026496515,102.31096459579243,451.0251639595371,P03250,COD03241,Produto 4264,104.57258574411061,417.70179869548457,0.0,1.0,True,0.0,1
P03255,COD03246,Produto 4269,4.019741055404984,4.0802571395437255,51.35231052147245,215.36998845837056,P03251,COD03242,Produto 4265,50.743957364916355,198.67430403695795,0.0,1.0,True,0.0,1
P03297,COD03288,Produto 4313,1.0793616777762047,4.341201067622117,11.943792345187042,67.95050425522994,P03292,COD03283,Produto 4307,14.856653208124733,86.5597245316291,0.0,1.0,True,0.1818181818181818,1
P03298,COD03289,Produto 4314,0.0,3.8680362824395096,0.0,0.0,P03293,COD03284,Produto 4309,0.0,0.0,0.0,1.0,True,1.0,1
P03299,COD03290,Produto 4315,0.0,3.8491702317019163,0.0,0.0,P03294,COD03285,Produto 4310,0.0,0.0,0.0,1.0,True,1.0,1
P03300,COD03291,Produto 4316,0.0,3.6896631967288696,0.0,0.0,P03295,COD03286,Produto 4311,0.0,0.0,0.0,1.0,True,1.0,1
P03337,COD03328,Produto 4358,107.0189426509679,3.7858805919319796,1073.2375730310616,3500.2644764869406,P03333,COD03324,Produto 4353,1181.6112592967302,3064.9838272411143,11562.659333801414,1.0,True,0.0030666294954,1
P03338,COD03329,Produto 4359,15.909972449382519,3.757349562975932,210.04918306857562,626.7753420251473,P03334,COD03325,Produto 4355,222.0223195122296,532.4561657949955,4591.773777624203,1.0,True,0.0,1
P03339,COD03330,Produto 4360,17.670501704833242,4.300320205742105,196.79695520769556,613.3694372586231,P03335,COD03326,Produto 4356,204.41553298459215,563.7785243931647,3350.646761953998,1.0,True,0.0,1
P03340,COD03331,Produto 4361,0.31158391564853816,3.6773740926629688,3.6627575754478174,11.593845170726755,P03336,COD03327,Produto 4357,4.086063463854294,11.284309026780715,317.6811372960227,1.0,True,0.0,1
P03346,COD03337,Produto 4368,1017.425843527779,3.7476176604079074,12299.975444797483,27788.96847700258,P03341,COD03332,Produto 4362,10255.285169421924,25399.185463505677,88674.17881618314,1.0,True,0.0,1
P03347,COD03338,Produto 4369,323.2427967606719,4.344964674826675,3451.4689221522785,9168.716797893372,P03342,COD03333,Produto 4364,3856.6815745611184,10157.176387500045,30931.5684574298,1.0,True,0.0,1
P03348,COD03339,Produto 4370,670.5809120164582,4.214343757205675,7360.930001554749,17359.045531864307,P03343,COD03334,Produto 4365,7411.6175183249625,18711.775174492992,59696.62134246041,1.0,True,0.0,1
P03349,COD03340,Produto 4371,280.4039095202362,3.809913771957773,3372.7422384288466,8364.690808160845,P03344,COD03335,Produto 4366,3541.61202836141,9342.189830518713,24906.501752785374,1.0,True,0.0,1
P03355,COD03346,Produto 4378,0.0,4.235672910196604,0.0,0.0,P03351,COD03342,Produto 4373,0.0,0.0,0.0,1.0,True,1.0,1
P03356,COD03347,Produto 4379,0.0,3.822093940681544,0.0,0.0,P03352,COD03343,Produto 4375,0.0,0.0,416.44796046345186,1.0,True,1.0,1
P03357,COD03348,Produto 4380,0.0,4.120665443553751,0.0,0.0,P03353,COD03344,Produto 4376,0.0,0.0,322.86611671207214,1.0,True,1.0,1
P03358,COD03349,Produto 4381,0.0,4.141425320138143,0.0,0.0,P03354,COD03345,Produto 4377,0.0,0.0,375.3006245540677,1.0,True,1.0,1
P03375,COD03366,Produto 4400,0.0,3.901809964036314,0.0,0.0,P03369,COD03360,Produto 4393,0.0,0.0,0.0,1.0,True,1.0,1
P03376,COD03367,Produto 4401,2.7486536955796956,3.9740420264748946,35.7447276023693,143.96227475444817,P03370,COD03361,Produto 4395,32.49785682753986,161.27010577457318,31.759017520501065,1.0,True,0.0,1
P03377,COD03368,Produto 4402,0.0,4.171224026604556,0.0,0.0,P03371,COD03362,Produto 4396,0.0,0.0,0.0,1.0,True,1.0,1
P03378,COD03369,Produto 4403,0.0,3.983149623251864,0.0,0.0,P03372,COD03363,Produto 4397,0.0,0.0,0.0,1.0,True,1.0,1
P03379,COD03370,Produto 4404,1.7112710511851459,4.241520935282906,19.23121858970269,92.52599807101949,P03373,COD03364,Produto 4398,21.18318786687967,94.26897478563441,30.730764118971337,1.0,True,0.0,1
P03380,COD03371,Produto 4405,0.0,4.227719141133834,0.0,0.0,P03374,COD03365,Produto 4399,0.0,0.0,0.0,1.0,True,1.0,1
P03386,COD03377,Produto 4412,288.4050489396138,4.188394094595058,3350.8425190264215,9311.109034755425,P03382,COD03373,Produto 4407,3610.9099146906733,8454.63060243292,22405.82576890999,1.0,True,0.0,1
P03387,COD03378,Produto 4413,84.410230795789,3.9917842919507427,1016.046345593887,2299.5719459164816,P03383,COD03374,Produto 4409,892.5362142289258,2277.8215533934585,8447.676416872397,1.0,True,0.0017850767583006,1
P03388,COD03379,Produto 4414,176.07294020015019,3.951262916544762,1976.6486186991247,6033.742503295276,P03384,COD03375,Produto 4410,2101.7048195056404,5643.7664788262,5581.127055509176,1.0,True,0.0,1
P03389,COD03380,Produto 4415,25.17242359728182,3.616603096813144,288.7177120491463,795.2141993368532,P03385,COD03376,Produto 4411,271.21758229234933,673.3416446433449,1941.767955012516,1.0,True,0.0,1
P03396,COD03387,Produto 4422,6.598172172891604,3.702261364585459,91.41284729247471,297.0304400517328,P03391,COD03382,Produto 4417,75.96543927489131,281.0973019038,858.3146844611476,1.0,True,0.0,1
P03397,COD03388,Produto 4423,4.390023868867058,3.6355005179891813,51.31686872848856,198.52870625378546,P03392,COD03383,Produto 4418,48.34009078137145,194.70558647267464,454.2886734886579,1.0,True,0.0,1
P03398,COD03389,Produto 4424,1.2285974334925958,4.279264517436438,17.517231391112578,61.00311470644085,P03393,COD03384,Produto 4419,17.247719319645903,63.69002111457317,391.3950142119409,1.0,True,0.0,1
P03399,COD03390,Produto 4425,5.636080436337036,3.9510811916285684,74.261669674354,268.220375741145,P03394,COD03385,Produto 4420,72.74532304085298,263.65403151285403,22.767810155600014,1.0,True,0.0,1
P03404,COD03395,Produto 4431,3.0924271412123407,4.170855647326426,34.72238886679269,322.6435676740117,P03401,COD03392,Produto 4427,36.55799421280058,320.84058454271275,35.47306427314344,1.0,True,0.0,1
P03405,COD03396,Produto 4432,2.15281054897534,3.6368819773982883,25.955999029214333,183.65268427285594,P03402,COD03393,Produto 4429,22.27708777687724,194.47658948091112,120.89805501618119,1.0,True,0.0,1
P03406,COD03397,Produto 4433,2.74087890386322,3.6539195754372473,37.80319236086718,303.2546982664227,P03403,COD03394,Produto 4430,38.88803974605758,287.3403139744453,337.5290563071656,1.0,True,0.0,1
P03411,COD03402,Produto 4439,3.588085858820999,4.094049750366534,37.504476450670936,336.3972872789144,P03408,COD03399,Produto 4435,40.80837732246481,333.6893993477683,376.23709704946464,1.0,True,0.0,1
P03412,COD03403,Produto 4440,8.61344322130296,4.035370912927147,116.69224704609645,1058.8746713409755,P03409,COD03400,Produto 4437,112.53589648820945,1073.3920219532097,525.3104121791737,1.0,True,0.0,1
P03413,COD03404,Produto 4441,3.0584740489864224,3.619038222190045,37.24360323013863,310.8775593089289,P03410,COD03401,Produto 4438,37.36755534346005,338.20005542671583,37.26825217371142,1.0,True,0.0,1
P03418,COD03409,Produto 4447,0.612673244498388,3.822047661513118,8.527521484681305,63.49113629075997,P03415,COD03406,Produto 4443,8.587826218336673,62.11790531357584,922.3731165575044,1.0,True,0.0,1
P03419,COD03410,Produto 4448,1.031159679372489,4.002861714362212,11.222574475310978,98.55016815977092,P03416,COD03407,Produto 4445,11.517345689161422,100.52356718981599,444.3649039715749,1.0,True,0.0,1
P03420,COD03411,Produto 4449,0.0,4.3063969911689,0.0,0.0,P03417,COD03408,Produto 4446,0.0,0.0,0.0,1.0,True,1.0,1
P03433,COD03424,Produto 4463,6.72334785213224,4.321898900556317,74.57644932886868,632.2508706773316,P03430,COD03421,Produto 4459,71.05434761400892,670.163663887698,1037.287398776689,1.0,True,0.0,1
P03434,COD03425,Produto 4464,2.1677873155875695,3.9533677001215057,29.171201471678117,226.32607147340772,P03431,COD03422,Produto 4461,28.050592923708145,236.1884153478683,466.6395712242119,1.0,True,0.0,1
P03435,COD03426,Produto 4465,2.6581727569348215,3.7855378916874862,32.548115005762014,296.4912781296243,P03432,COD03423,Produto 4462,31.144810034200106,268.10066741255355,67.21572854291365,1.0,True,0.0,1
P03440,COD03431,Produto 4471,5.12376743080544,4.10039509227529,70.32338626157545,675.3970519426765,P03437,COD03428,Produto 4467,59.96654656162253,604.1552365373794,147.70016864252088,1.0,True,0.0,1
P03441,COD03432,Produto 4472,3.3750788318503417,3.9521807654523977,42.824041542707214,387.61570001572437,P03438,COD03429,Produto 4469,43.03716595310236,400.18837618243214,0.0,1.0,True,0.0,1
P03442,COD03433,Produto 4473,3.3949781294317325,3.9357908205968997,40.93873508407096,382.27054899942846,P03439,COD03430,Produto 4470,37.15841906987448,416.99596570179204,0.0,1.0,True,0.0,1
P03452,COD03443,Produto 4483,0.0,3.8351018611457217,0.0,0.0,P03444,COD03435,Produto 4475,0.0,0.0,1371.0590591032715,1.0,True,1.0,1
P03453,COD03444,Produto 4484,1.8009124324252972,4.29967617972613,24.226656481836017,215.16667926303046,P03445,COD03436,Produto 4476,23.328983728088723,198.5482779193924,845.8526936337678,1.0,True,0.0,1
P03454,COD03445,Produto 4485,0.6033878643232713,4.188904897353424,7.298527613917695,74.91576852726203,P03446,COD03437,Produto 4477,7.7323677814275085,76.59357314905525,0.0,1.0,True,0.0,1
P03455,COD03446,Produto 4486,1.051337313022821,3.6107517740443282,11.351502647699892,114.02638299722729,P03447,COD03438,Produto 4478,12.670554862673779,99.62205748552081,0.0,1.0,True,0.0,1
P03476,COD03467,Produto 4510,5.522931272983039,4.081138458693134,74.79474562895444,186.75177844333305,P03473,COD03464,Produto 4506,65.89790160552164,209.75106671415847,425.3462317418449,1.0,True,0.0,1
P03477,COD03468,Produto 4511,8.54647017435456,4.223775914821488,96.08634559820263,300.31683182403697,P03474,COD03465,Produto 4508,98.08217394836313,295.13057083912105,480.5389173670357,1.0,True,0.0,1
P03478,COD03469,Produto 4512,7.015917007789123,4.187720246879275,101.18134677726245,290.6722583268162,P03475,COD03466,Produto 4509,101.13552865130167,240.67178882327846,227.1439288456155,1.0,True,0.0,1
P03560,COD03551,Produto 4599,3.393450570330401,3.615012745922667,39.661242794484,450.83781418812316,P03559,COD03550,Produto 4597,46.772796290068335,485.3578248913129,4111.257219798305,1.0,True,0.0,1
P03564,COD03555,Produto 4604,77.22329497007864,3.625138736629568,983.893101213927,11078.594686382403,P03561,COD03552,Produto 4600,855.5343652221646,9794.694917740708,15875.458886125925,1.0,True,0.0029542097488921,1
P03565,COD03556,Produto 4605,12.304909100311564,4.2990663500082125,130.09871118439105,1425.5755191861922,P03562,COD03553,Produto 4602,137.2925978555471,1530.8314790898564,6064.270114104081,1.0,True,0.0,1
P03568,COD03559,Produto 4609,10.329418054941353,3.998189241454989,128.68099281961562,1194.4573265980819,P03567,COD03558,Produto 4607,122.04698814240284,1247.9591659702799,5386.345549523056,1.0,True,0.0,1
P03571,COD03562,Produto 4613,7.251679878622923,3.605127984895819,84.80084394735698,1050.629498039894,P03567,COD03558,Produto 4607,130.69167276031652,1352.0268378926514,5662.38240380822,1.0,False,0.3548387096774194,3
P03574,COD03565,Produto 4617,17.711030845383767,4.221614034095044,218.10930230560214,3178.909061643021,P03573,COD03564,Produto 4615,187.04224436292003,3501.757922762848,5815.533383844328,1.0,True,0.0,1
P03578,COD03569,Produto 4622,43.0269976403084,3.6261026541172248,497.9700371046276,6889.344729438294,P03561,COD03552,Produto 4600,932.3218226156717,9160.425948816923,16240.696065558817,1.0,False,0.3929098966026588,3
P03579,COD03570,Produto 4623,14.550563267204705,4.130539118056304,160.93449024443834,2336.5373658580174,P03562,COD03553,Produto 4602,135.29745353265244,1562.3462060680984,6392.430638906689,1.0,True,0.1860465116279069,1
P03582,COD03573,Produto 4627,15.916709603592148,4.1378552642962605,166.0169524431096,3411.967819615969,P03581,COD03572,Produto 4625,199.0323260118151,3689.5993317503085,6948.611409371994,1.0,True,0.0,1
P03586,COD03577,Produto 4632,5.078595157962302,3.686150067310699,58.74996731545518,1004.3940788341001,P03561,COD03552,Produto 4600,831.0290970479203,10723.26022216254,17202.963083054725,1.0,False,0.9379615952732644,3
P03587,COD03578,Produto 4633,4.992880670951775,4.311000400503705,64.49536529745326,1107.8011699992526,P03562,COD03553,Produto 4602,137.41653364371535,1564.0841211791248,5950.9506569498335,1.0,False,0.5714285714285714,3
P03629,COD03620,Produto 4678,11.278912331356349,3.1160566583578593,110.79625593778769,1214.8128090319467,P03627,COD03618,Produto 4676,113.0704763610998,1361.0243325962444,29163.1467720249,1.0,True,0.0,1
P03635,COD03626,Produto 4685,1.8271208143543247,3.020243621072517,17.027518450096917,310.0604604306245,P03631,COD03622,Produto 4680,17.91131787630782,300.7229880169174,1780.1064892094266,1.0,True,0.0,1
P03636,COD03627,Produto 4686,0.0,3.3549332283839495,0.0,0.0,P03632,COD03623,Produto 4682,0.0,0.0,0.0,1.0,True,1.0,1
P03637,COD03628,Produto 4687,0.0,3.6538930350161634,0.0,0.0,P03633,COD03624,Produto 4683,0.0,0.0,0.0,1.0,True,1.0,1
P03638,COD03629,Produto 4688,0.0,3.0967170690233203,0.0,0.0,P03634,COD03625,Produto 4684,0.0,0.0,0.0,1.0,True,1.0,1
P03644,COD03635,Produto 4695,8.312772074478444,3.507420242020322,80.17230744136059,1828.0125500950858,P03631,COD03622,Produto 4680,17.489445315860756,335.06882584083183,1740.4611320110632,1.0,False,0.7916666666666666,3
P03645,COD03636,Produto 4696,0.0,3.483020427769997,0.0,0.0,P03632,COD03623,Produto 4682,0.0,0.0,0.0,1.0,True,1.0,1
P03646,COD03637,Produto 4697,0.0,3.072594451388983,0.0,0.0,P03633,COD03624,Produto 4683,0.0,0.0,0.0,1.0,True,1.0,1
P03647,COD03638,Produto 4698,0.0,3.2772483453870995,0.0,0.0,P03634,COD03625,Produto 4684,0.0,0.0,0.0,1.0,True,1.0,1
P03653,COD03644,Produto 4705,3.9061380772247762,3.101548971449872,46.553826517478555,589.7287229764673,P03631,COD03622,Produto 4680,15.666298447887486,294.4916938867591,1787.0563816792778,1.0,False,0.6153846153846154,3
P03654,COD03645,Produto 4706,0.0,3.0115692898433783,0.0,0.0,P03632,COD03623,Produto 4682,0.0,0.0,0.0,1.0,True,1.0,1
P03655,COD03646,Produto 4707,0.0,3.4569034602381263,0.0,0.0,P03633,COD03624,Produto 4683,0.0,0.0,0.0,1.0,True,1.0,1
P03656,COD03647,Produto 4708,0.0,3.190866793556299,0.0,0.0,P03634,COD03625,Produto 4684,0.0,0.0,0.0,1.0,True,1.0,1
P03667,COD03658,Produto 4720,32.70548691409034,3.8836270782931956,406.4180226960312,6355.644698432396,P03663,COD03654,Produto 4715,441.5012493782944,6640.40930690281,6642.030887438857,1.0,True,0.0,1
P03668,COD03659,Produto 4721,0.0,4.334218299663788,0.0,0.0,P03664,COD03655,Produto 4717,0.0,0.0,0.0,1.0,True,1.0,1
P03669,COD03660,Produto 4722,0.0,3.939811642356269,0.0,0.0,P03665,COD03656,Produto 4718,0.0,0.0,0.0,1.0,True,1.0,1
P03670,COD03661,Produto 4723,0.0,3.7354016005581814,0.0,0.0,P03666,COD03657,Produto 4719,0.0,0.0,0.0,1.0,True,1.0,1
P03738,COD03729,Produto 4799,2.506100581817075,3.837611763265409,27.194580584964957,234.23720670152383,P03735,COD03726,Produto 4795,26.880712253897013,239.11138150984905,765.4497896358279,1.0,True,0.0,1
P03739,COD03730,Produto 4800,0.0,4.1245254161494005,0.0,0.0,P03736,COD03727,Produto 4797,0.0,0.0,0.0,1.0,True,1.0,1
P03740,COD03731,Produto 4801,0.670179674014219,4.373370123074183,8.619260297006724,73.83085982487884,P03737,COD03728,Produto 4798,8.60921822229778,74.94992640551108,154.0827070476316,1.0,True,0.0,1
P03753,COD03744,Produto 4816,14.288483933740885,4.286878921393581,171.2375847764004,1371.881958089538,P03750,COD03741,Produto 4812,162.2636975210239,1571.2990474030787,5445.326917355213,1.0,True,0.0,1
P03754,COD03745,Produto 4817,9.238298244217313,3.8418688685474525,114.17182787742874,983.7253094768625,P03751,COD03742,Produto 4814,119.8134740650171,967.7787018370867,1992.3466538872492,1.0,True,0.0,1
P03755,COD03746,Produto 4818,4.891041718476127,3.8329838732410377,69.67100914355377,493.42068759803436,P03752,COD03743,Produto 4815,66.75946697365156,588.091014706777,662.2305167364743,1.0,True,0.0,1
P03765,COD03756,Produto 4831,80.90296691668446,4.081727872695384,1089.2632487772873,7749.367131486813,P03763,COD03754,Produto 4828,1066.5450030931459,6520.951850187868,26456.713016363105,1.0,True,0.0,1
P03767,COD03758,Produto 4833,178.7143261006255,3.7645828941065034,2196.013427550407,16071.033633137307,P03756,COD03747,Produto 4819,2173.628471881594,18308.96638664286,66487.24640228532,1.0,True,0.0,1
P03768,COD03759,Produto 4834,62.23560518558994,3.715982705606829,731.2044749943822,6414.095539762738,P03757,COD03748,Produto 4821,769.3195289786158,5873.855433121988,20639.780850451127,1.0,True,0.0,1
P03769,COD03760,Produto 4835,41.606211301705585,4.010410018971456,527.7590170214678,3775.460361759236,P03758,COD03749,Produto 4822,448.69128329917123,3968.2942371058184,9306.080529314704,1.0,True,0.0,1
P03774,COD03765,Produto 4841,3.766788921166167,3.62158564285743,49.62512989711358,419.6035103268792,P03771,COD03762,Produto 4837,49.59408178488066,377.20630471985936,1862.6252342520788,1.0,True,0.0,1
P03775,COD03766,Produto 4842,0.0,4.280237306450529,0.0,0.0,P03772,COD03763,Produto 4839,0.0,0.0,110.31701658679302,1.0,True,1.0,1
P03776,COD03767,Produto 4843,0.0,4.178765166625603,0.0,0.0,P03773,COD03764,Produto 4840,0.0,0.0,709.7587104820191,1.0,True,1.0,1
P03781,COD03772,Produto 4849,57.31574840952742,4.303131804125978,795.4685946562247,6136.678792787525,P03778,COD03769,Produto 4846,705.0611163396177,6324.865513729197,11778.3738482995,1.0,True,0.0027548209366391,1
P03785,COD03776,Produto 4854,3.8261486352336713,3.9721970501004282,51.970849632798576,578.5992637695465,P03783,COD03774,Produto 4851,52.06975968183404,561.9642590202797,664.5629191128008,1.0,True,0.0649350649350649,1
P03786,COD03777,Produto 4855,1.9850995946706567,3.634207966483607,21.838993989869522,273.2809850527625,P03784,COD03775,Produto 4853,24.203293121344238,278.38805560737364,780.6315119849553,1.0,True,0.0,1
P03842,COD03833,Produto 4916,16.920368366048894,4.056342569468984,194.64785959165988,619.1277339662054,P03838,COD03829,Produto 4911,198.35024964851573,588.8971628800351,2510.2438815326946,1.0,True,0.0,1
P03843,COD03834,Produto 4917,4.808173179119604,4.064788189260451,65.23526031535792,228.60086716899704,P03839,COD03830,Produto 4913,69.76534827960982,193.45842483905665,760.7887145595795,1.0,True,0.0,1
P03844,COD03835,Produto 4918,1.5400246045679782,3.757491646476835,21.020504339783166,70.54465597893484,P03840,COD03831,Produto 4914,19.059689726220615,72.68428445305494,1761.3367478818845,1.0,True,0.0,1
P03845,COD03836,Produto 4919,1.6488160946037096,4.383706720207525,21.21492031972764,63.19744414036981,P03841,COD03832,Produto 4915,21.10318873704752,66.11863086471658,464.51497513293117,1.0,True,0.0,1
P03859,COD03850,Produto 4935,14.112019466928945,4.317362776154308,186.7180097750387,537.472808055135,P03855,COD03846,Produto 4930,154.82347128252064,531.7104266237609,1934.6572803828135,1.0,True,0.0,1
P03860,COD03851,Produto 4936,6.463268650481646,3.8705557357822356,70.4896903368425,230.875946781498,P03856,COD03847,Produto 4932,78.79233728662422,202.8061555225077,833.4461049178888,1.0,True,0.0,1
P03861,COD03852,Produto 4937,11.064510578070298,4.086526362692634,131.50311265551716,354.58745812106565,P03857,COD03848,Produto 4933,135.40881788819726,345.51940795118213,2834.101357941705,1.0,True,0.0,1
P03862,COD03853,Produto 4938,5.401931092102277,4.167597045446611,61.245098251337375,181.3741125912836,P03858,COD03849,Produto 4934,67.67146738526768,188.80459524485093,1106.5059436955528,1.0,True,0.0,1
P03878,COD03869,Produto 4954,0.0,4.300487758181386,0.0,0.0,P03809,COD03800,Produto 4879,0.0,0.0,0.0,1.0,True,1.0,1
P03879,COD03870,Produto 4955,0.0,3.8370016262135125,0.0,0.0,P03810,COD03801,Produto 4880,0.0,0.0,0.0,1.0,True,1.0,1
P03962,COD03953,Produto 5045,31.83035049012296,4.209691710885307,379.6459379027697,5818.28735338082,P03958,COD03949,Produto 5040,430.0786339041341,5730.196351648882,5913.1644087775,1.0,True,0.0,1
P03963,COD03954,Produto 5046,0.0,3.864193282639484,0.0,0.0,P03959,COD03950,Produto 5042,0.0,0.0,0.0,1.0,True,1.0,1
P03964,COD03955,Produto 5047,0.0,3.952832021264545,0.0,0.0,P03960,COD03951,Produto 5043,0.0,0.0,0.0,1.0,True,1.0,1
P03965,COD03956,Produto 5048,0.0,4.061744133848535,0.0,0.0,P03961,COD03952,Produto 5044,0.0,0.0,0.0,1.0,True,1.0,1
P04026,COD04017,Produto 5116,0.0,3.784141699617063,0.0,0.0,P04022,COD04013,Produto 5111,0.0,0.0,2561.9484320756255,1.0,True,1.0,1
P04027,COD04018,Produto 5117,0.0,4.2090760157431015,0.0,0.0,P04023,COD04014,Produto 5113,0.0,0.0,1490.0314288743173,1.0,True,1.0,1
P04028,COD04019,Produto 5118,8.875903813447398,3.754251784300369,121.58554571768838,786.888685924723,P04024,COD04015,Produto 5114,111.62694252858222,763.2178318292924,1786.9853543446457,1.0,True,0.0,1
P04029,COD04020,Produto 5119,6.934149960150604,3.6489731664977327,86.48041749289617,517.7111267408706,P04025,COD04016,Produto 5115,87.6085038446776,525.9753140678517,857.4214407346384,1.0,True,0.0,1
P04035,COD04026,Produto 5125,3.3954364664551995,3.7910404481035416,37.543404549064434,298.129475671586,P04031,COD04022,Produto 5121,38.76294870300787,346.94669891343017,930.3062539058893,1.0,True,0.0,1
P04036,COD04027,Produto 5126,1.4032225643519438,4.24040857837339,14.737847607638914,136.2921758896241,P04032,COD04023,Produto 5122,17.102658952651332,120.15820685258483,373.68252834181885,1.0,True,0.0,1
P04037,COD04028,Produto 5127,1.8071063275010268,4.073187360753006,19.077809259128756,176.0796671561924,P04033,COD04024,Produto 5123,18.495408823567946,177.07891444355172,281.53071986537134,1.0,True,0.0,1
P04038,COD04029,Produto 5128,1.521941065407612,4.32304004026775,18.269217751899898,153.29424931622526,P04034,COD04025,Produto 5124,21.13223517540032,156.1932564253848,110.82807785008255,1.0,True,0.0,1
P04044,COD04035,Produto 5135,41.642142225276665,4.283068092368281,522.5613938762256,3738.9252118415875,P04040,COD04031,Produto 5130,532.4957755958969,3766.7379587146334,1986.9626564231528,1.0,True,0.0053475935828877,1
P04045,COD04036,Produto 5136,10.584414227532681,4.304427196097253,111.09453016435386,975.0636136300326,P04041,COD04032,Produto 5132,115.84230974692322,915.5218028394296,3857.3488792509,1.0,True,0.0,1
P04046,COD04037,Produto 5137,0.0,3.972198923485346,0.0,0.0,P04042,COD04033,Produto 5133,0.0,0.0,1559.4406357101852,1.0,True,1.0,1
P04047,COD04038,Produto 5138,2.867989963545364,3.7963058001852343,37.79695338291847,299.00780840353303,P04043,COD04034,Produto 5134,34.48816174606305,280.3098773491297,672.7047116919134,1.0,True,0.0,1
P04055,COD04046,Produto 5148,3.8656006796190736,4.092573334862323,48.1002891608423,589.9427139608082,P04052,COD04043,Produto 5144,46.39142520654854,541.7865069179577,1781.9682160900634,1.0,True,0.0,1
P04056,COD04047,Produto 5149,8.056546087050844,4.132284323247044,112.10655435986546,1294.4276877306659,P04053,COD04044,Produto 5146,101.01433450082158,1378.3201677250831,2826.9620402110477,1.0,True,0.0,1
P04057,COD04048,Produto 5150,0.6502496050298586,4.238187362491476,7.694254482207725,107.65513511408462,P04054,COD04045,Produto 5147,8.702578597566863,101.0371082647779,191.8083681485648,1.0,True,0.0,1
P04065,COD04056,Produto 5159,13.78330164079668,4.122130386097127,179.12105650768453,2030.4418838988822,P04063,COD04054,Produto 5156,171.25547755917995,2130.8764724297694,2342.5324400256404,1.0,True,0.0,1
P04066,COD04057,Produto 5160,4.776106781977608,3.717217302519608,51.42799576667558,607.1512817737193,P04064,COD04055,Produto 5158,61.14675454891163,629.4840231642944,1059.3757286001733,1.0,True,0.0,1
P04076,COD04067,Produto 5172,9.650840641389847,3.900955969308857,104.06011537877463,1000.0826530315436,P04073,COD04064,Produto 5168,117.09205912467968,1091.77325538633,2617.190573816235,1.0,True,0.0,1
P04077,COD04068,Produto 5173,10.755163957220686,3.73276951572067,132.78623604228076,1274.4249784231051,P04074,COD04065,Produto 5170,115.40847931451421,1149.4984538574568,1752.3733973921446,1.0,True,0.0,1
P04078,COD04069,Produto 5174,1.3934926902843174,4.089249636753885,17.519573779416927,160.26241534141616,P04075,COD04066,Produto 5171,15.558607851635589,157.69530813213504,202.82042430506644,1.0,True,0.0,1
P04083,COD04074,Produto 5180,0.3341604749724847,3.8341859686346402,3.799133890694108,52.59343677359374,P04080,COD04071,Produto 5176,3.729674194952479,52.0621404031094,434.39131801601104,1.0,True,0.0,1
P04084,COD04075,Produto 5181,1.8027470968523964,4.29944044119488,21.649273458169866,292.86710450048116,P04081,COD04072,Produto 5178,23.49077956700715,338.64096193597476,147.72342977918282,1.0,True,0.0,1
P04085,COD04076,Produto 5182,2.604075691287557,3.8377443705568406,28.960271586870537,408.82500562160413,P04082,COD04073,Produto 5179,29.954166350351606,390.9748772506599,0.0,1.0,True,0.0,1
P04104,COD04095,Produto 5203,80.95926810807465,4.028898930357621,917.1531863956332,6456.956435636359,P04101,COD04092,Produto 5199,1034.949163521013,6370.762034800795,18677.060523465178,1.0,True,0.0010235414534288,1
P04105,COD04096,Produto 5204,15.839599816151885,4.2536276032494875,185.13705884926645,1105.576534473658,P04102,COD04093,Produto 5201,178.4312615268587,1075.5969401354027,2941.4123598126057,1.0,True,0.0167597765363128,1
P04106,COD04097,Produto 5205,13.52610761644973,3.615524665471675,175.03026944239178,992.9025958075749,P04103,COD04094,Produto 5202,170.9808601609824,1087.8482892340323,2160.7597838375495,1.0,True,0.0,1
P04116,COD04107,Produto 5215,0.0,4.150668164240901,0.0,0.0,P04113,COD04104,Produto 5212,0.0,0.0,190.73670813211905,1.0,True,1.0,1
P04117,COD04108,Produto 5216,0.0,4.254260170487186,0.0,0.0,P04114,COD04105,Produto 5213,0.0,0.0,219.669849913841,1.0,True,1.0,1
P04118,COD04109,Produto 5217,0.0,4.347630390656307,0.0,0.0,P04115,COD04106,Produto 5214,0.0,0.0,206.1276651333803,1.0,True,1.0,1
P04132,COD04123,Produto 5233,292.5289963154626,4.115552674842609,3559.0234674314574,14397.233207187906,P04127,COD04118,Produto 5227,3890.076247489134,14845.773686374174,45309.4507989397,1.0,True,0.0,1
P04133,COD04124,Produto 5234,94.08232115420081,3.624762497995494,1133.452207813602,4827.281079086143,P04128,COD04119,Produto 5229,1026.9732555156804,5077.345932044604,18104.87235983443,1.0,True,0.0,1
P04134,COD04125,Produto 5235,102.17263534590585,3.7987304781766427,1365.8642751025795,5767.969264129679,P04129,COD04120,Produto 5230,1336.1378225740348,5564.250341477329,13408.466275806466,1.0,True,0.0,1
P04135,COD04126,Produto 5236,8.146655540684641,3.6965389694566975,101.02107751271261,409.0620343308806,P04130,COD04121,Produto 5231,101.76338453390102,418.0637826808911,2447.7376731569875,1.0,True,0.0,1
P04192,COD04183,Produto 5300,0.0,7.4314366560780885,0.0,0.0,P04188,COD04179,Produto 5295,0.0,0.0,27.908353700142055,1.0,True,1.0,1
P04193,COD04184,Produto 5301,0.0,8.477320996497003,0.0,0.0,P04189,COD04180,Produto 5297,0.0,0.0,0.0,1.0,True,1.0,1
P04194,COD04185,Produto 5302,0.0,8.356565448375903,0.0,0.0,P04190,COD04181,Produto 5298,4.169114225640475,15.632040953128737,31.011217830921716,1.0,False,1.0,3
P04195,COD04186,Produto 5303,0.0,8.783087762387982,0.0,0.0,P04191,COD04182,Produto 5299,0.0,0.0,0.0,1.0,True,1.0,1
P04211,COD04202,Produto 5321,3.045525502792791,3.601653063154148,38.32727660463625,195.39414599845398,P04205,COD04196,Produto 5314,35.452507584963236,207.76629227264868,2148.3160054709824,1.0,True,0.0,1
P04212,COD04203,Produto 5322,4.181526753237165,4.078811757188577,46.24091221963397,267.64526131614195,P04206,COD04197,Produto 5316,44.719184152845465,286.63933123709967,881.1981228021934,1.0,True,0.0,1
P04213,COD04204,Produto 5323,0.0,3.801720172680068,0.0,0.0,P04207,COD04198,Produto 5317,0.0,0.0,0.0,1.0,True,1.0,1
P04214,COD04205,Produto 5324,3.190702886959491,3.9985188922809285,35.615529448686495,231.3834554871037,P04208,COD04199,Produto 5318,38.14431779966521,204.16719964286293,2764.0719103471797,1.0,True,0.0,1
P04215,COD04206,Produto 5325,3.8547510215745344,4.282124997682676,40.26082974898388,257.9839874798134,P04209,COD04200,Produto 5319,42.27747579877859,245.71862650226942,674.042911389172,1.0,True,0.0,1
P04221,COD04212,Produto 5332,38.49137766528769,4.248720817680143,442.3051562102899,2638.875958878156,P04013,COD04004,Produto 5101,142.79448848296582,962.939280854805,8755.867783362623,1.0,False,0.6944444444444444,3
P04222,COD04213,Produto 5333,17.406577645514037,4.06246512135839,249.91878033600798,1230.60411788876,P04014,COD04005,Produto 5103,34.369909805128444,271.00904595916836,2286.3971722803913,1.0,False,0.8596491228070176,3
P04223,COD04214,Produto 5334,26.12627337052981,4.003025615385359,303.2120052398698,1657.5186371068019,P04015,COD04006,Produto 5104,146.2236774965667,1147.8613398303048,5098.6133201273415,1.0,False,0.5256410256410257,3
P04224,COD04215,Produto 5335,9.516412180735706,4.288008577439685,108.00338635300771,613.5651396711668,P04016,COD04007,Produto 5105,49.67278972540176,358.65674677460254,1210.6616289691194,1.0,False,0.5384615384615384,3
P04311,COD04302,Produto 5432,0.0,4.296088019151695,0.0,0.0,P04305,COD04296,Produto 5425,0.0,0.0,255.75098234826075,1.0,True,1.0,1
P04312,COD04303,Produto 5433,1.214334549752356,4.261925915294218,15.493136679119653,191.7937059843068,P04306,COD04297,Produto 5427,16.450324708458204,201.1262747984027,241.78180108606233,1.0,True,0.0,1
P04313,COD04304,Produto 5434,0.0,4.172750450505881,0.0,0.0,P04307,COD04298,Produto 5428,0.0,0.0,0.0,1.0,True,1.0,1
P04314,COD04305,Produto 5435,3.1575948003155663,4.112755543856216,33.37205658567846,437.7523000870174,P04308,COD04299,Produto 5429,36.28504781387227,517.7227460741153,168.6062726596156,1.0,True,0.0,1
P04315,COD04306,Produto 5436,3.1344155614810862,3.716719136925034,36.245044153399874,440.97827737750913,P04309,COD04300,Produto 5430,34.87152462274156,484.52527909293127,57.01609251461973,1.0,True,0.0,1
P04316,COD04307,Produto 5437,0.0,3.61755166797155,0.0,0.0,P04310,COD04301,Produto 5431,0.0,0.0,0.0,1.0,True,1.0,1
P04327,COD04318,Produto 5449,0.3045590404766966,3.6914025540191804,4.346414301709192,66.56846337708632,P04323,COD04314,Produto 5444,4.35132123260615,72.46857034116304,0.0,1.0,True,0.0,1
P04328,COD04319,Produto 5450,0.7322319009390483,4.16254014048136,7.62808957099399,138.8227050746599,P04324,COD04315,Produto 5446,7.704113211695504,133.2556055469847,135.6917398073141,1.0,True,0.0,1
P04329,COD04320,Produto 5451,0.9023449240241133,3.6892728553301932,12.763800939251706,233.78063545137582,P04325,COD04316,Produto 5447,12.317363480877765,239.13482642964865,355.69612224168196,1.0,True,0.027027027027027,1
P04330,COD04321,Produto 5452,0.349997961127097,3.7784148219176017,3.666580526758214,71.99282108032101,P04326,COD04317,Produto 5448,3.9468093336532664,68.00988574781378,0.0,1.0,True,0.0,1
P04591,COD04581,Produto 5731,2.5409239585075523,8.844398891733606,56.188355836558344,768.7058524352901,P04586,COD04576,Produto 5725,59.11254267130882,771.8918951556883,106.50837459895777,1.0,True,0.0,1
P04592,COD04582,Produto 5732,0.0,8.361222685483058,0.0,0.0,P04587,COD04577,Produto 5727,0.0,0.0,204.3089176948797,1.0,True,1.0,1
P04593,COD04583,Produto 5733,0.0,8.821632511766873,0.0,0.0,P04588,COD04578,Produto 5728,0.0,0.0,468.488852936653,1.0,True,1.0,1
P04594,COD04584,Produto 5734,0.0,8.705010040072162,0.0,0.0,P04589,COD04579,Produto 5729,0.0,0.0,0.0,1.0,True,1.0,1
P04595,COD04585,Produto 5735,0.0,7.965491053060968,0.0,0.0,P04590,COD04580,Produto 5730,0.0,0.0,0.0,1.0,True,1.0,1
P04636,COD04626,Produto 5776,0.34382762643866804,1.7360830657162856,1.7249089651917635,29.575515171732714,P04618,COD04608,Produto 5759,1.8454879956110257,41.530673376810114,4052.839221720284,1.0,True,0.1666666666666666,1
P04640,COD04630,Produto 5781,11.847745233075711,31.02339269907911,1255.9333048781402,2542.4421126687103,P04639,COD04629,Produto 5780,1332.81494393681,2774.576222809304,1303.1038106040885,1.0,True,0.0,1
P04642,COD04632,Produto 5783,6.8399036230437025,32.85329347912802,741.0236141686834,2351.450920437078,P04639,COD04629,Produto 5780,1149.3184347483539,2680.3041169443454,1235.1109517416785,1.0,False,0.4324324324324324,3
P04672,COD04662,Produto 5813,0.0,3.1801528081082644,0.0,0.0,P04671,COD04661,Produto 5812,0.0,0.0,0.0,1.0,True,1.0,1
P04673,COD04663,Produto 5814,0.0,6.4253257605805105,0.0,0.0,P04671,COD04661,Produto 5812,0.0,0.0,0.0,1.0,True,1.0,1
P04674,COD04664,Produto 5815,0.0,1.53118744877689,0.0,0.0,P04671,COD04661,Produto 5812,0.0,0.0,0.0,1.0,True,1.0,1
P04676,COD04666,Produto 5817,0.0,3.5013303796974444,0.0,0.0,P04675,COD04665,Produto 5816,0.0,0.0,0.0,1.0,True,1.0,1
P04677,COD04667,Produto 5818,0.0,6.773751881215381,0.0,0.0,P04675,COD04665,Produto 5816,0.0,0.0,0.0,1.0,True,1.0,1
P04678,COD04668,Produto 5819,0.0,1.5047971803460412,0.0,0.0,P04675,COD04665,Produto 5816,0.0,0.0,0.0,1.0,True,1.0,1
P04714,COD04703,Produto 5856,0.6374725644384092,1.6766299135107043,3.194979688095581,102.51344010068382,P04713,COD04702,Produto 5855,3.261560459246252,126.66682546260277,114.42123272240042,1.0,True,0.0,1
P04737,COD04726,Produto 5881,1.535222236399514,4.3268830699251595,18.158532100968777,81.6546160375351,P04734,COD04723,Produto 5878,20.31896667471002,83.40467546298953,120.62554165051333,1.0,True,0.0,1
P04738,COD04727,Produto 5882,26.998955894390367,4.111665940299175,345.72415694689425,1212.6448193156411,P04735,COD04724,Produto 5879,303.51832275090067,1383.189258833629,2238.9919514344915,1.0,True,0.0029673590504451,1
P04739,COD04728,Produto 5883,24.283490270102433,4.13135577940771,266.96626540014336,1100.3429891901671,P04736,COD04725,Produto 5880,306.7106002962968,1071.7946500496837,2649.359947468572,1.0,True,0.0103092783505154,1
P04741,COD04730,Produto 5886,0.0,3.668868021553567,0.0,0.0,P04740,COD04729,Produto 5884,0.0,0.0,0.0,1.0,True,1.0,1
P04743,COD04732,Produto 5889,0.0,4.350266182616758,0.0,0.0,P04742,COD04731,Produto 5887,0.0,0.0,0.0,1.0,True,1.0,1
P04775,COD04764,Produto 5923,2.4817213829244316,3.601861661047227,28.473607742948023,346.49589256052235,P04767,COD04756,Produto 5915,30.51538075110924,378.52448091352596,1357.7674922950903,1.0,True,0.0476190476190476,1
P04776,COD04765,Produto 5924,3.695066062124221,3.398935150053379,35.14261691414201,481.6738099621998,P04768,COD04757,Produto 5916,37.63837532468571,499.28433697999765,2337.0554510876677,1.0,True,0.0756302521008403,1
P04778,COD04767,Produto 5926,33.493778292552854,3.7543031645181566,391.3673614489961,1970.531167601051,P04771,COD04760,Produto 5919,417.7364176185833,2172.8829079602347,9511.168026947844,1.0,True,0.0054730258014073,1
P04779,COD04768,Produto 5927,24.443481342922944,3.7849335837212275,313.8596470668373,1440.7078538578683,P04772,COD04761,Produto 5920,0.0,0.0,0.0,0.7142857142857143,False,1.0,3
P04780,COD04769,Produto 5928,0.0,3.8910423749944343,0.0,0.0,P04772,COD04761,Produto 5920,0.0,0.0,0.0,0.7142857142857143,True,1.0,2
P04796,COD04785,Produto 5944,4.882849003680555,3.508973976707343,50.481368323808,606.0104276702821,P04785,COD04774,Produto 5933,45.90482118805295,667.1321646311424,4107.745073748208,1.0,True,0.0196078431372549,1
P04797,COD04786,Produto 5945,7.407890393365447,3.0056927968186136,79.71737425978199,828.8091281149485,P04786,COD04775,Produto 5934,83.43692393754053,899.1381703253231,8065.389072023745,1.0,True,0.0283400809716599,1
P04803,COD04792,Produto 5951,10.062932083476852,3.986622365073746,128.74900551265864,459.66486729040537,P04792,COD04781,Produto 5940,0.0,0.0,0.0,0.7142857142857143,False,1.0,3
P04804,COD04793,Produto 5952,39.60378092821372,4.372801226422843,430.1310627047416,1732.7091129133203,P04792,COD04781,Produto 5940,0.0,0.0,0.0,0.7142857142857143,False,1.0,3
P04816,COD04805,Produto 5965,19.60472869581011,4.237007062439872,270.4344217326611,1871.1020681767773,P04815,COD04804,Produto 5963,237.7666276841627,1653.4988488593913,4853.938953119977,1.0,True,0.0013003901170351,1
P04819,COD04808,Produto 5969,0.6990991921083248,3.6461626484165155,7.401780673957241,78.42801322894917,P04818,COD04807,Produto 5967,9.237429524553683,100.6466738587485,92.12506948161932,1.0,True,0.1428571428571428,1
P04821,COD04810,Produto 5972,0.0,4.338843997315117,0.0,0.0,P04820,COD04809,Produto 5970,3.4780289347124547,32.662513513277005,0.0,1.0,False,1.0,3
P04850,COD04839,Produto 6006,127.20266566202494,3.8860788348668542,1466.8369245454264,4736.761263904992,P04852,COD04841,Produto 6008,1657.2485044579262,4998.974590248154,16799.005954679255,1.0,True,0.0,1
P04854,COD04843,Produto 6010,42.270121471731144,3.9092785388780924,516.3508396554079,1765.071615041045,P04851,COD04840,Produto 6007,467.1296011335441,1621.6202935711817,3630.04017428768,1.0,True,0.0,1
P04858,COD04847,Produto 6014,0.0,4.3449427738469675,0.0,0.0,P04855,COD04844,Produto 6011,0.0,0.0,114.34628726467274,1.0,True,1.0,1
P04859,COD04848,Produto 6015,29.29478665132649,4.188368715552614,321.9268316574419,1126.3223162908862,P04851,COD04840,Produto 6007,439.44974587077013,1592.087530331448,3417.1926368773557,1.0,False,0.3032786885245901,3
P04860,COD04849,Produto 6016,32.96467121120105,3.6494542946031885,346.2460282178269,1369.6262398423764,P04852,COD04841,Produto 6008,1513.9249627655533,4794.921195470254,16395.843433284455,1.0,False,0.7526315789473684,3
P04922,COD04910,Produto 6081,1.3091000249415712,1.3325338492070746,5.228748163991217,1.3658759250172272,P04921,COD04909,Produto 6080,5.285150009544298,155.6468637931758,0.0,1.0,True,0.0,1
P04934,COD04922,Produto 6092,4.1623368016744315,1.5811342547110965,18.891057374836326,460.5019569575501,P04931,COD04919,Produto 6090,21.093553718537414,484.0233136980066,4912.721347829205,1.0,True,0.0163934426229508,1
P04949,COD04937,Produto 6107,0.0,3.514182646931862,0.0,0.0,P04948,COD04936,Produto 6106,0.0,0.0,0.0,1.0,True,1.0,1
P04951,COD04939,Produto 6109,8.805315233830518,3.0402614888770083,82.13946389976248,873.412652614239,P04950,COD04938,Produto 6108,77.67215019886817,991.3273648349532,5509.35696453495,0.75,True,0.0,2
P04953,COD04941,Produto 6111,20.056167742403353,3.2431985709903444,202.94640705502738,353.77437633288304,P04952,COD04940,Produto 6110,198.0285690935969,347.000694309183,1724.9514433311056,1.0,True,0.0,1
P04955,COD04943,Produto 6113,0.6028502952791182,36.46436937651019,62.456123727801646,34.34116479279907,P04954,COD04942,Produto 6112,72.27293961742791,34.65591539590689,0.0,1.0,True,0.0,1
P04961,COD04949,Produto 6119,0.0,16.41420602763812,0.0,0.0,P04960,COD04948,Produto 6118,0.0,0.0,0.0,1.0,True,1.0,1
P04963,COD04951,Produto 6121,27.024548238117205,34.28424069898038,2663.3358996120273,12802.292164180668,P04962,COD04950,Produto 6120,2652.8642662605316,12319.957324276487,3055.816647820302,1.0,True,0.0067956089911134,1
P04966,COD04954,Produto 6124,51.86314573602753,16.30557813221387,2225.7047320584775,3804.0818798430864,P04965,COD04953,Produto 6123,2559.112664276518,3814.1761840190375,10920.238927626198,1.0,True,0.0,1
P04971,COD04959,Produto 6129,22.147007458095178,33.600794265408084,2482.7586437186496,6166.213696360643,P04969,COD04957,Produto 6127,2502.4937344771474,6428.948328089858,6183.70630565855,0.8333333333333334,True,0.0100451302955306,2
P04972,COD04960,Produto 6130,54.838828466036965,67.69269242000294,11795.217390547377,12855.729790517094,P04969,COD04957,Produto 6127,2234.303326644992,6455.744063921164,5232.243715437241,0.8333333333333334,False,0.8081284916201117,3
P04974,COD04962,Produto 6132,0.36133102224688407,32.65968573376301,36.64627220641039,294.94891288141855,P04977,COD04965,Produto 6135,40.02189111915742,350.25378272864566,717.9841273279768,0.875,True,0.1304347826086956,1
P04975,COD04963,Produto 6133,0.3477547763842709,33.535965053813584,33.205064734019736,309.90653486161256,P04978,COD04966,Produto 6137,53.56477558984137,468.04344084292774,3260.4556568842736,0.875,False,0.4117647058823529,3
P04976,COD04964,Produto 6134,0.6020481796659138,36.189749483244796,62.53434904224886,613.8206802518953,P04979,COD04967,Produto 6138,86.01830630156333,692.0523729124322,1364.2473929275056,0.875,False,0.2248062015503876,3
P04981,COD04969,Produto 6140,0.0,32.05438763196227,0.0,0.0,P04980,COD04968,Produto 6139,0.0,0.0,0.0,1.0,True,1.0,1
P04983,COD04971,Produto 6142,1.3100789376024342,60.759073611660526,269.52021519519394,467.0485271822148,P04982,COD04970,Produto 6141,260.58001435968566,485.1187921214203,391.3486804993847,1.0,True,0.0074441687344913,1
P04985,COD04973,Produto 6144,2.46106856029427,61.88183811324958,487.1822894458946,433.1809604420738,P04984,COD04972,Produto 6143,549.6862111715064,496.24296310913707,0.0,1.0,True,0.0,1
P04986,COD04974,Produto 6145,48.409198712354105,33.650829017419724,4512.632507868693,19361.956768700442,P04990,COD04978,Produto 6150,4373.034812602891,18200.015157104408,58236.09329703761,0.8571428571428571,True,0.0018348623853211,1
P04987,COD04975,Produto 6146,35.97861574221685,15.311278032133552,1690.5117497597873,3095.579710163955,P04992,COD04980,Produto 6147,1736.087357341926,3363.5888258777536,23325.575473007942,0.8571428571428571,True,0.0003998400639744,1
P04989,COD04977,Produto 6149,18.132417927010586,31.267172018313058,1811.5356816570745,3418.397310903268,P04988,COD04976,Produto 6148,1907.8595061723786,3711.5907489660117,20034.737503198598,1.0,True,0.0011098779134295,1
P05004,COD04992,Produto 6163,0.0,,0.0,0.0,P04996,COD04984,Produto 6155,34.45448761765303,2293.2825909389485,7638.367251075885,0.625,False,1.0,3
P05007,COD04995,Produto 6166,-0.3500428199751711,,0.0,-24.37532424839456,P04996,COD04984,Produto 6155,35.752738436600815,1986.2193539458924,7273.11222550287,0.625,False,1.0,3
P05008,COD04996,Produto 6167,0.3008470751117312,,0.0,22.93245363303803,P04996,COD04984,Produto 6155,37.18544008788385,2370.1784548294095,7671.784631397102,0.625,False,1.0,3
P05009,COD04997,Produto 6168,2.858009503292639,,0.0,220.69919158672894,P04996,COD04984,Produto 6155,34.46149583553735,2345.184668206785,7790.973614255866,0.625,False,1.0,3
P05010,COD04998,Produto 6169,34.652287719613525,,0.0,2836.7987618135344,P04996,COD04984,Produto 6155,34.91986494351402,1967.2962021281762,8086.95216632155,0.625,False,1.0,3
P05011,COD04999,Produto 6170,0.3021296975480202,,0.0,22.051385949921794,P04996,COD04984,Produto 6155,35.1110674659341,2174.3213887441484,8187.229066123492,0.625,False,1.0,3
P05012,COD05000,Produto 6171,0.0,,0.0,0.0,P04996,COD04984,Produto 6155,40.212008600156985,2188.401416612025,8235.976075568718,0.625,False,1.0,3
P05049,COD05037,Produto 6208,0.0,34.524816077812304,0.0,0.0,P05048,COD05036,Produto 6207,0.0,0.0,7430.872313423634,1.0,True,1.0,1
P05051,COD05039,Produto 6210,15.324428407495768,3.143839263813497,170.5969687666017,906.7848348945893,P05050,COD05038,Produto 6209,148.84470242631843,991.8926898579781,53.86542661533077,1.0,True,0.0,1
P05054,COD05042,Produto 6213,7.061704164948197,33.759054685662306,717.4420418805686,740.9796466844467,P05048,COD05036,Produto 6207,0.0,0.0,7254.6817765089445,1.0,False,1.0,3
P05056,COD05044,Produto 6215,6.262835971222947,3.597873634389412,62.92563966203357,340.28182335824545,P05055,COD05043,Produto 6214,59.07528895120856,328.3605436963728,325.00454113819575,1.0,True,0.0,1
P05069,COD05057,Produto 6228,28.474029321065878,3.233764244667014,238.54796307827488,2049.5455806293107,P05068,COD05056,Produto 6227,263.1388860469173,2093.4685652607686,14762.602195601952,1.0,True,0.0,1
P05072,COD05060,Produto 6231,0.0,15.203794364805015,0.0,0.0,P05071,COD05059,Produto 6230,0.0,0.0,13213.406260704092,1.0,True,1.0,1
P05078,COD05066,Produto 6237,0.0,30.563280957528438,0.0,0.0,P05077,COD05065,Produto 6236,0.0,0.0,0.0,1.0,True,1.0,1
P05079,COD05067,Produto 6238,0.0,36.40545989206464,0.0,0.0,P05075,COD05063,Produto 6234,0.0,0.0,0.0,1.0,True,1.0,1
P05087,COD05075,Produto 6246,0.0,32.38864068833522,0.0,0.0,P05086,COD05074,Produto 6245,0.0,0.0,39485.68284598822,1.0,True,1.0,1
P05089,COD05077,Produto 6248,21.460557968812388,3.2878159362064405,229.3172440102515,1259.2672844789884,P05088,COD05076,Produto 6247,202.77068069067286,1391.6880331016666,433.9827774228261,1.0,True,0.0,1
P05093,COD05081,Produto 6252,0.0,30.49590648306669,0.0,0.0,P05092,COD05080,Produto 6251,0.0,0.0,0.0,1.0,True,1.0,1
P05095,COD05083,Produto 6254,2.3343479892759444,34.06977562422332,244.85705495788687,859.3537554003783,P05094,COD05082,Produto 6253,231.0355228260159,978.0843621077628,6315.987744045109,1.0,True,0.0397805212620027,1
P05097,COD05085,Produto 6256,0.31266102121957084,33.03251766909383,33.029889767018645,37.86493305420394,P05086,COD05074,Produto 6245,0.0,0.0,40877.111358898226,1.0,False,1.0,3
P05099,COD05087,Produto 6258,38.89568948993989,3.22950358054395,439.2458166186122,2442.19026133545,P05098,COD05086,Produto 6257,439.3570250694731,2178.5945127554833,675.9399406261022,1.0,True,0.0,1
P05114,COD05102,Produto 6274,29.887640514497367,3.1967189691784608,259.271905679543,5960.055172482223,P05113,COD05101,Produto 6273,288.34434420453346,6242.955594744409,2526.6911600953317,1.0,True,0.0,1
P05116,COD05104,Produto 6276,0.0,34.80457239449088,0.0,0.0,P05115,COD05103,Produto 6275,0.0,0.0,11661.530960361666,1.0,True,1.0,1
P05118,COD05106,Produto 6278,10.316435291375043,3.1828187351750605,108.85166290012367,769.4109110802514,P05117,COD05105,Produto 6277,108.14880647603316,759.073972579256,221.64791233049874,1.0,True,0.0,1
P05120,COD05108,Produto 6280,6.136675814376699,30.238383265473413,711.7162924025841,1250.3181652369624,P05115,COD05103,Produto 6275,0.0,0.0,9722.608414467575,1.0,False,1.0,3
P05122,COD05110,Produto 6282,5.251600334125538,3.16585631900223,52.35774056700233,336.28239501421905,P05121,COD05109,Produto 6281,50.8666038285416,347.0036356925067,94.31022593986768,1.0,True,0.0,1
P05126,COD05114,Produto 6286,3.401819672363662,36.42413187778668,343.596114427043,585.0788530379418,P05125,COD05113,Produto 6285,313.2967892454899,593.8685697579357,19095.41025470376,1.0,True,0.0,1
P05128,COD05116,Produto 6288,55.335270131439266,3.6000292839036314,532.5969443966515,3650.3521899435,P05127,COD05115,Produto 6287,565.957953776912,3946.1575878712547,914.1823698618963,1.0,True,0.0,1
P05130,COD05118,Produto 6290,15.837209885483643,34.68961042328977,1626.398971815384,2323.5245116846318,P05125,COD05113,Produto 6285,366.4246813081827,658.784589113595,19498.048330362148,1.0,False,0.7777777777777778,3
P05132,COD05120,Produto 6292,7.239333486138112,3.049074765022008,62.35070743298278,405.63296300584943,P05131,COD05119,Produto 6291,61.517957121622175,381.30352720229524,0.0,1.0,True,0.0,1
P06025,COD06011,Produto 7190,1.8113641497078774,17.300229858108203,82.65224545233336,712.1380176161551,P06024,COD06010,Produto 7189,79.02813586302923,676.8543411535262,277.75494166081126,1.0,True,0.0,1
P06027,COD06013,Produto 7192,1.3153978124041177,4.259188457952522,14.527686377605518,311.0670229704146,P06024,COD06010,Produto 7189,88.56041848747347,674.40392543194,276.17552106941673,1.0,False,0.808,3
